Workbook

Sheet MARZO
A1: ALICUOTAS DE MARZO 2026
E2: LECTURA | F2: LECTURA | G2: AGUA | H2: AGUA
A3: DPTO: | B3: NOMBRES | C3: CUOTAS | D3: VALOR | E3: ANTERIOR | F3: ACTUAL | H3: VALOR | J3: T.A PAGAR
A4: LOCAL | B4: SR. EDUARDO DELGADO | C4: 0.65 | D4: =SUM(MAR!$C$14*C4/100) -> 33.799155 | E4: 59 | F4: 63 | G4: =SUM(F4-E4) -> 4 | H4: =SUM(G4)+5 -> 9 | J4: =SUM(D4+H4) -> 42.799155
A5: 1-A | B5: LCDO. CARLOS ARMANZA | C5: 4.89 | D5: =SUM(MAR!$C$14*C5/100) -> 254.27364 | E5: 2169 | F5: 2169 | G5: =SUM(F5-E5) -> 0 | H5: =SUM(G5)+5 -> 5 | J5: =SUM(D5+I5+H5) -> 259.27364
A6: 1-B | B6: HNOS. PALACIOS PALACIOS | C6: 2.52 | D6: =SUM(MAR!$C$14*C6/100) -> 131.03672 | E6: 1733 | F6: 1740 | G6: =SUM(F6-E6) -> 7 | H6: =SUM(G6)+5 -> 12 | J6: =SUM(D6+I6+H6) -> 143.03672
A7: 1-C | B7: SR. JORGE TERREROS | C7: 1.63 | D7: =SUM(MAR!$C$14*C7/100) -> 84.757881 | E7: 565 | F7: 585 | G7: =SUM(F7-E7) -> 20 | H7: =SUM(G7)+5 -> 25 | J7: =SUM(D7+H7+I7) -> 109.75788
A8: 2-A | B8: ING. CHAFFICK CHEDRAUI | C8: 2 | D8: =SUM(MAR!$C$14*C8/100) -> 103.9974 | E8: 565
A9: 2-C | B9: ING. CHAFFICK CHEDRAUI | C9: 4.52 | D9: =SUM(MAR!$C$14*C9/100) -> 235.03412 | E9: 1912 | F9: 1918 | G9: =SUM(F9-E9) -> 6 | H9: =SUM(G9)+5 -> 11 | J9: =SUM(D9+H9+I9) -> 246.03412
A10: 2-B | B10: ARQ. RAUL GOMEZ | C10: 2.52 | D10: =SUM(MAR!$C$14*C10/100) -> 131.03672 | E10: 144 | F10: 145 | G10: =SUM(F10-E10) -> 1 | H10: =SUM(G10)+5 -> 6 | J10: =SUM(D10+H10) -> 137.03672
A11: 3-A | B11: ECO. KATYA CHAVEZ E HIJOS | C11: 3.22 | D11: =SUM(MAR!$C$14*C11/100) -> 167.43581 | E11: 1199 | F11: 1215 | G11: =SUM(F11-E11) -> 16 | H11: =SUM(G11)+5 -> 21 | J11: =SUM(D11+H11+I11) -> 188.43581
A12: 3-B | B12: SR. WILSON TOBAR HIDALGO | C12: 2.52 | D12: =SUM(MAR!$C$14*C12/100) -> 131.03672 | E12: 21 | F12: 21 | G12: =SUM(F12-E12) -> 0 | H12: =SUM(G12)+5 -> 5 | J12: =SUM(D12+H12+I12) -> 136.03672
A13: 3-C | B13: DR. ALFONSO LOAYZA | C13: 1.61 | D13: =SUM(MAR!$C$14*C13/100) -> 83.717907 | E13: 397 | F13: 397 | G13: =SUM(F13-E13) -> 0 | H13: =SUM(G13)+5 -> 5 | J13: =SUM(D13+H13+I13) -> 88.717907
A14: 3-D | B14: SR. MANUEL SERRANO | C14: 1.63 | D14: =SUM(MAR!$C$14*C14/100) -> 84.757881 | E14: 72 | F14: 72 | G14: =SUM(F14-E14) -> 0 | H14: =SUM(G14)+5 -> 5 | J14: =SUM(D14+H14+I14) -> 89.757881
A15: 4-A | B15: FAM. SALAMEA CORDERO | C15: 3.22 | D15: =SUM(MAR!$C$14*C15/100) -> 167.43581 | E15: 384 | F15: 384 | G15: =SUM(F15-E15) -> 0 | H15: =SUM(G15)+5 -> 5 | J15: =SUM(D15+H15+I15) -> 172.43581
A16: 4-B | B16: ING. EDUARDO VELEZ | C16: 2.52 | D16: =SUM(MAR!$C$14*C16/100) -> 131.03672 | E16: 865 | F16: 865 | G16: =SUM(F16-E16) -> 0 | H16: =SUM(G16)+5 -> 5 | J16: =SUM(D16+H16+I16) -> 136.03672
A17: 4-C | B17: AB. GUSTAVO LOOR | C17: 1.61 | D17: =SUM(MAR!$C$14*C17/100) -> 83.717907 | E17: 107 | F17: 107 | G17: =SUM(F17-E17) -> 0 | H17: =SUM(G17)+5 -> 5 | J17: =SUM(D17+H17+I17) -> 88.717907
A18: 4-D | B18: AB. NATACHA ROURA DE HOHEB | C18: 1.63 | D18: =SUM(MAR!$C$14*C18/100) -> 84.757881 | E18: 67 | F18: 67 | G18: =SUM(F18-E18) -> 0 | H18: =SUM(G18)+5 -> 5 | J18: =SUM(D18+H18+I18) -> 89.757881
A19: 5-A | B19: SR. TEODORO ANDRADE | C19: 3.22 | D19: =SUM(MAR!$C$14*C19/100) -> 167.43581 | E19: 809 | F19: 809 | G19: =SUM(F19-E19) -> 0 | H19: =SUM(G19)+5 -> 5 | J19: =SUM(D19+H19+I19) -> 172.43581
A20: 5-B | B20: ING. GALO SALAMEA | C20: 2.52 | D20: =SUM(MAR!$C$14*C20/100) -> 131.03672 | E20: 653 | F20: 653 | G20: =SUM(F20-E20) -> 0 | H20: =SUM(G20)+5 -> 5 | J20: =SUM(D20+H20+I20) -> 136.03672
A21: 5-C | B21: SRA. MARCIA DE KOCH | C21: 3.27 | D21: =SUM(MAR!$C$14*C21/100) -> 170.03575 | E21: 170 | F21: 170 | G21: =SUM(F21-E21) -> 0 | H21: =SUM(G21)+5 -> 5 | J21: =SUM(D21+H21+I21) -> 175.03575
A22: 6-A | B22: JONATHAN MACIAS | C22: 3.22 | D22: =SUM(MAR!$C$14*C22/100) -> 167.43581 | E22: 155 | F22: 176 | G22: =SUM(F22-E22) -> 21 | H22: =SUM(G22)+5 -> 26 | J22: =SUM(D22+H22+I22) -> 193.43581
... A36: 10-C | B36: SR. GERARDO FLORENTINO | C36: 1.63 | D36: =SUM(MAR!$C$14*C36/100) -> 84.757881 | E36: 44 | F36: 51 | G36: =SUM(F36-E36) -> 7 | H36: =SUM(G36)+5 -> 12 | J36: =SUM(D36+H36+I36) -> 96.757881
A37: 11 | B37: SR. FERNANDO CHERREZ C. | C37: 9.13 | D37: =SUM(MAR!$C$14*C37/100) -> 474.74813 | E37: 458 | F37: 459 | G37: =SUM(F37-E37) -> 1 | H37: =SUM(G37)+5 -> 6 | J37: =SUM(D37+H37+I37) -> 480.74813
C38: =SUM(C4:C37) -> 100 | D38: =SUM(D4:D37) -> 5199.87 | G38: =SUM(G4:G37) -> 114 | H38: =SUM(H4:H37) -> 279 | J38: =SUM(J4:J37) -> 5374.8726

Sheet MAR
B1: DETALLE DEL REMBOLSO DE MARZO 2026
B2: ADMINISTRACION CONTABILIDAD | C2: 130
B3: SUELDO DE EMPLEADOS MES DE MAR./2026 | C3: 2524
B4: PROVISION DECIMO TERCERO MAR./2026 | C4: 210.35
B5: PROVISION FONDO DE RESERVA MAR./2026 | C5: 210.27
B6: PROVISION VACACIONES MAR./2026 | C6: 105.18
B7: PROVISION DECIMO CUARTO MAR./2026 | C7: 200.85
B8: APORTE PATRONAL MES DE MAR./2026 | C8: 306.69
B9: PLANILLA DE LUZ CONSUMO FEB./2026 | C9: 109.46
B10: PLANILLA TELEFONICA | C10: 10.2
B11: MANTENIMIENTO DE ASCENSORES MAR./2026 | C11: 533.46
B12: PROVISION ALICUOTAS INCOBRABLES MAR./2026 | C12: 78.13
B13: PROVISION DE CAPITAL MES DE MAR./2026 | C13: 781.28
B14: TOTAL | C14: =SUM(C2:C13) -> 5199.87
